timestamp,sensor_id,temperature,humidity,co2,light_level,zone
2024-01-01 00:00:00,sensor_000,21.5,48.6,491.0,154.0,zone_1
2024-01-01 00:02:00,sensor_001,21.6,47.8,483.0,154.0,zone_2
2024-01-01 00:04:00,sensor_002,21.9,49.9,440.0,161.0,zone_3
2024-01-01 00:06:00,sensor_003,22.0,50.5,484.0,143.0,zone_4
2024-01-01 00:08:00,sensor_004,21.3,48.1,511.0,168.0,zone_5
2024-01-01 00:10:00,sensor_005,21.7,51.6,485.0,187.0,zone_1
2024-01-01 00:12:00,sensor_006,22.1,50.0,499.0,171.0,zone_2
2024-01-01 00:14:00,sensor_007,21.3,48.6,445.0,160.0,zone_3
2024-01-01 00:16:00,sensor_008,21.6,48.5,472.0,176.0,zone_4
2024-01-01 00:18:00,sensor_009,21.4,50.6,468.0,178.0,zone_5
2024-01-01 00:20:00,sensor_000,21.8,50.4,513.0,187.0,zone_1
2024-01-01 00:22:00,sensor_001,21.5,48.8,449.0,160.0,zone_2
2024-01-01 00:24:00,sensor_002,21.9,49.3,510.0,164.0,zone_3
2024-01-01 00:26:00,sensor_003,21.8,48.8,466.0,170.0,zone_4
2024-01-01 00:28:00,sensor_004,22.2,49.7,453.0,151.0,zone_5
2024-01-01 00:30:00,sensor_005,22.0,49.4,438.0,179.0,zone_1
2024-01-01 00:32:00,sensor_006,22.2,51.1,480.0,180.0,zone_2
2024-01-01 00:34:00,sensor_007,21.5,50.3,468.0,175.0,zone_3
2024-01-01 00:36:00,sensor_008,22.1,48.8,472.0,191.0,zone_4
2024-01-01 00:38:00,sensor_009,21.5,50.3,499.0,186.0,zone_5
2024-01-01 00:40:00,sensor_000,22.0,49.8,468.0,173.0,zone_1
2024-01-01 00:42:00,sensor_001,22.1,51.0,443.0,187.0,zone_2
2024-01-01 00:44:00,sensor_002,21.3,49.7,476.0,202.0,zone_3
2024-01-01 00:46:00,sensor_003,21.7,49.9,478.0,163.0,zone_4
2024-01-01 00:48:00,sensor_004,21.7,50.6,459.0,156.0,zone_5
2024-01-01 00:50:00,sensor_005,21.6,49.8,484.0,176.0,zone_1
2024-01-01 00:52:00,sensor_006,21.4,48.6,449.0,182.0,zone_2
2024-01-01 00:54:00,sensor_007,22.1,48.0,450.0,198.0,zone_3
2024-01-01 00:56:00,sensor_008,22.1,50.0,459.0,162.0,zone_4
2024-01-01 00:58:00,sensor_009,21.3,,487.0,158.0,zone_5
2024-01-01 01:00:00,sensor_000,23.2,52.0,482.0,180.0,zone_1
2024-01-01 01:02:00,sensor_001,22.4,53.4,489.0,158.0,zone_2
2024-01-01 01:04:00,sensor_002,22.7,55.0,464.0,187.0,zone_3
2024-01-01 01:06:00,sensor_003,23.2,55.3,513.0,185.0,zone_4
2024-01-01 01:08:00,sensor_004,22.6,51.8,469.0,170.0,zone_5
2024-01-01 01:10:00,sensor_005,22.7,53.3,481.0,199.0,zone_1
2024-01-01 01:12:00,sensor_006,22.4,52.8,496.0,187.0,zone_2
2024-01-01 01:14:00,sensor_007,22.3,53.9,477.0,194.0,zone_3
2024-01-01 01:16:00,sensor_008,22.3,52.3,461.0,201.0,zone_4
2024-01-01 01:18:00,sensor_009,23.1,52.6,465.0,158.0,zone_5
2024-01-01 01:20:00,sensor_000,22.8,55.3,459.0,183.0,zone_1
2024-01-01 01:22:00,sensor_001,22.9,52.8,454.0,174.0,zone_2
2024-01-01 01:24:00,sensor_002,23.2,55.6,436.0,167.0,zone_3
2024-01-01 01:26:00,sensor_003,23.1,55.1,458.0,189.0,zone_4
2024-01-01 01:28:00,sensor_004,22.9,55.5,497.0,175.0,zone_5
2024-01-01 01:30:00,sensor_005,22.9,55.3,476.0,157.0,zone_1
2024-01-01 01:32:00,sensor_006,22.5,54.0,464.0,171.0,zone_2
2024-01-01 01:34:00,sensor_007,22.7,55.2,495.0,155.0,zone_3
2024-01-01 01:36:00,sensor_008,22.2,54.7,476.0,159.0,zone_4
2024-01-01 01:38:00,sensor_009,22.7,51.6,470.0,185.0,zone_5
2024-01-01 01:40:00,sensor_000,23.1,53.9,481.0,169.0,zone_1
2024-01-01 01:42:00,sensor_001,23.0,55.0,481.0,189.0,zone_2
2024-01-01 01:44:00,sensor_002,23.0,55.1,458.0,157.0,zone_3
2024-01-01 01:46:00,sensor_003,23.1,55.5,470.0,204.0,zone_4
2024-01-01 01:48:00,sensor_004,22.6,55.3,463.0,194.0,zone_5
2024-01-01 01:50:00,sensor_005,23.0,52.0,,170.0,zone_1
2024-01-01 01:52:00,sensor_006,22.7,52.8,472.0,185.0,zone_2
2024-01-01 01:54:00,sensor_007,22.6,55.0,469.0,155.0,zone_3
2024-01-01 01:56:00,sensor_008,23.2,53.7,499.0,162.0,zone_4
2024-01-01 01:58:00,sensor_009,23.2,52.7,482.0,157.0,zone_5
2024-01-01 02:00:00,sensor_000,23.8,57.3,481.0,167.0,zone_1
2024-01-01 02:02:00,sensor_001,23.2,58.9,464.0,189.0,zone_2
2024-01-01 02:04:00,sensor_002,23.6,55.5,493.0,180.0,zone_3
2024-01-01 02:06:00,sensor_003,23.9,56.4,458.0,190.0,zone_4
2024-01-01 02:08:00,sensor_004,23.3,56.9,487.0,,zone_5
2024-01-01 02:10:00,sensor_005,23.5,57.4,475.0,176.0,zone_1
2024-01-01 02:12:00,sensor_006,23.9,57.1,469.0,173.0,zone_2
2024-01-01 02:14:00,sensor_007,24.0,55.9,457.0,195.0,zone_3
2024-01-01 02:16:00,sensor_008,24.0,58.2,488.0,161.0,zone_4
2024-01-01 02:18:00,sensor_009,23.5,57.1,473.0,142.0,zone_5
2024-01-01 02:20:00,sensor_000,23.4,58.0,470.0,176.0,zone_1
2024-01-01 02:22:00,sensor_001,24.0,58.3,467.0,148.0,zone_2
2024-01-01 02:24:00,sensor_002,,55.4,448.0,204.0,zone_3
2024-01-01 02:26:00,sensor_003,23.9,59.2,476.0,199.0,zone_4
2024-01-01 02:28:00,sensor_004,23.9,57.2,507.0,181.0,zone_5
2024-01-01 02:30:00,sensor_005,23.7,56.2,484.0,189.0,zone_1
2024-01-01 02:32:00,sensor_006,23.8,56.3,471.0,171.0,zone_2
2024-01-01 02:34:00,sensor_007,23.7,55.8,452.0,169.0,zone_3
2024-01-01 02:36:00,sensor_008,23.6,57.4,481.0,147.0,zone_4
2024-01-01 02:38:00,sensor_009,23.8,58.0,485.0,200.0,zone_5
2024-01-01 02:40:00,sensor_000,23.6,58.2,483.0,159.0,zone_1
2024-01-01 02:42:00,sensor_001,23.8,57.6,459.0,181.0,zone_2
2024-01-01 02:44:00,sensor_002,23.5,57.9,467.0,144.0,zone_3
2024-01-01 02:46:00,sensor_003,23.8,55.3,469.0,157.0,zone_4
2024-01-01 02:48:00,sensor_004,23.3,57.1,433.0,179.0,zone_5
2024-01-01 02:50:00,sensor_005,24.0,56.7,470.0,172.0,zone_1
2024-01-01 02:52:00,sensor_006,23.2,57.4,482.0,151.0,zone_2
2024-01-01 02:54:00,sensor_007,23.9,58.2,500.0,183.0,zone_3
2024-01-01 02:56:00,sensor_008,23.3,57.9,453.0,151.0,zone_4
2024-01-01 02:58:00,sensor_009,23.4,57.6,494.0,180.0,zone_5
2024-01-01 03:00:00,sensor_000,24.1,58.4,483.0,201.0,zone_1
2024-01-01 03:02:00,sensor_001,24.8,58.6,505.0,172.0,zone_2
2024-01-01 03:04:00,sensor_002,24.9,60.7,439.0,198.0,zone_3
2024-01-01 03:06:00,sensor_003,24.5,,489.0,164.0,zone_4
2024-01-01 03:08:00,sensor_004,24.1,62.2,1178.552679138391,197.0,zone_5
2024-01-01 03:10:00,sensor_005,24.8,62.2,476.0,177.0,zone_1
2024-01-01 03:12:00,sensor_006,24.5,61.2,467.0,181.0,zone_2
2024-01-01 03:14:00,sensor_007,24.9,59.3,490.0,156.0,zone_3
2024-01-01 03:16:00,sensor_008,24.9,59.0,457.0,157.0,zone_4
2024-01-01 03:18:00,sensor_009,24.7,59.4,447.0,202.0,zone_5
2024-01-01 03:20:00,sensor_000,24.5,61.3,461.0,188.0,zone_1
2024-01-01 03:22:00,sensor_001,24.1,59.2,482.0,185.0,zone_2
2024-01-01 03:24:00,sensor_002,24.6,60.0,488.0,170.0,zone_3
2024-01-01 03:26:00,sensor_003,24.3,58.8,472.0,155.0,zone_4
2024-01-01 03:28:00,sensor_004,24.2,59.2,476.0,,zone_5
2024-01-01 03:30:00,sensor_005,24.3,58.7,486.0,170.0,zone_1
2024-01-01 03:32:00,sensor_006,24.6,59.4,477.0,151.0,zone_2
2024-01-01 03:34:00,sensor_007,24.9,60.3,499.0,157.0,zone_3
2024-01-01 03:36:00,sensor_008,24.2,58.5,491.0,171.0,zone_4
2024-01-01 03:38:00,sensor_009,24.1,60.8,473.0,163.0,zone_5
2024-01-01 03:40:00,sensor_000,25.0,58.8,488.0,167.0,zone_1
2024-01-01 03:42:00,sensor_001,24.6,60.1,487.0,168.0,zone_2
2024-01-01 03:44:00,sensor_002,24.7,60.8,,174.0,zone_3
2024-01-01 03:46:00,sensor_003,24.7,58.9,447.0,152.0,zone_4
2024-01-01 03:48:00,sensor_004,24.6,59.5,439.0,176.0,zone_5
2024-01-01 03:50:00,sensor_005,24.7,62.0,496.0,175.0,zone_1
2024-01-01 03:52:00,sensor_006,24.5,60.5,488.0,204.0,zone_2
2024-01-01 03:54:00,sensor_007,24.2,59.5,501.0,154.0,zone_3
2024-01-01 03:56:00,sensor_008,24.7,61.1,482.0,156.0,zone_4
2024-01-01 03:58:00,sensor_009,24.1,60.0,467.0,,zone_5
2024-01-01 04:00:00,sensor_000,25.5,63.0,472.0,208.0,zone_1
2024-01-01 04:02:00,sensor_001,24.7,63.7,482.0,166.0,zone_2
2024-01-01 04:04:00,sensor_002,25.3,63.2,495.0,150.0,zone_3
2024-01-01 04:06:00,sensor_003,25.3,64.1,460.0,170.0,zone_4
2024-01-01 04:08:00,sensor_004,25.5,62.9,462.0,193.0,zone_5
2024-01-01 04:10:00,sensor_005,25.1,62.8,485.0,201.0,zone_1
2024-01-01 04:12:00,sensor_006,24.9,62.1,487.0,173.0,zone_2
2024-01-01 04:14:00,sensor_007,25.2,64.4,485.0,164.0,zone_3
2024-01-01 04:16:00,sensor_008,,61.7,442.0,199.0,zone_4
2024-01-01 04:18:00,sensor_009,25.7,64.3,476.0,147.0,zone_5
2024-01-01 04:20:00,sensor_000,25.4,62.7,482.0,181.0,zone_1
2024-01-01 04:22:00,sensor_001,25.2,62.2,515.0,162.0,zone_2
2024-01-01 04:24:00,sensor_002,24.9,63.9,490.0,201.0,zone_3
2024-01-01 04:26:00,sensor_003,25.0,61.9,478.0,201.0,zone_4
2024-01-01 04:28:00,sensor_004,25.2,62.1,476.0,158.0,zone_5
2024-01-01 04:30:00,sensor_005,24.9,63.5,475.0,160.0,zone_1
2024-01-01 04:32:00,sensor_006,25.4,63.5,501.0,149.0,zone_2
2024-01-01 04:34:00,sensor_007,25.7,62.7,464.0,191.0,zone_3
2024-01-01 04:36:00,sensor_008,25.5,62.5,480.0,192.0,zone_4
2024-01-01 04:38:00,sensor_009,25.3,61.3,484.0,179.0,zone_5
2024-01-01 04:40:00,sensor_000,25.3,64.1,481.0,191.0,zone_1
2024-01-01 04:42:00,sensor_001,25.4,63.7,483.0,156.0,zone_2
2024-01-01 04:44:00,sensor_002,25.6,64.7,463.0,180.0,zone_3
2024-01-01 04:46:00,sensor_003,25.5,62.5,462.0,189.0,zone_4
2024-01-01 04:48:00,sensor_004,25.0,62.2,,190.0,zone_5
2024-01-01 04:50:00,sensor_005,24.8,61.0,493.0,192.0,zone_1
2024-01-01 04:52:00,sensor_006,24.8,62.5,452.0,190.0,zone_2
2024-01-01 04:54:00,sensor_007,25.6,63.4,436.0,189.0,zone_3
2024-01-01 04:56:00,sensor_008,25.3,62.4,457.0,186.0,zone_4
2024-01-01 04:58:00,sensor_009,25.2,61.6,462.0,170.0,zone_5
2024-01-01 05:00:00,sensor_000,26.0,64.8,490.0,,zone_1
2024-01-01 05:02:00,sensor_001,25.1,64.6,484.0,195.0,zone_2
2024-01-01 05:04:00,sensor_002,25.7,63.6,469.0,192.0,zone_3
2024-01-01 05:06:00,sensor_003,25.7,65.5,489.0,194.0,zone_4
2024-01-01 05:08:00,sensor_004,25.5,64.5,491.0,157.0,zone_5
2024-01-01 05:10:00,sensor_005,25.2,62.7,466.0,196.0,zone_1
2024-01-01 05:12:00,sensor_006,25.9,63.2,489.0,195.0,zone_2
2024-01-01 05:14:00,sensor_007,25.4,62.7,508.0,180.0,zone_3
2024-01-01 05:16:00,sensor_008,25.8,66.1,517.0,199.0,zone_4
2024-01-01 05:18:00,sensor_009,25.1,64.3,466.0,192.0,zone_5
2024-01-01 05:20:00,sensor_000,25.9,66.0,467.0,173.0,zone_1
2024-01-01 05:22:00,sensor_001,25.6,65.9,440.0,185.0,zone_2
2024-01-01 05:24:00,sensor_002,25.4,63.8,476.0,204.0,zone_3
2024-01-01 05:26:00,sensor_003,25.2,65.7,450.0,173.0,zone_4
2024-01-01 05:28:00,sensor_004,26.0,63.9,493.0,180.0,zone_5
2024-01-01 05:30:00,sensor_005,25.6,63.8,488.0,145.0,zone_1
2024-01-01 05:32:00,sensor_006,26.0,65.6,452.0,175.0,zone_2
2024-01-01 05:34:00,sensor_007,25.4,63.8,464.0,191.0,zone_3
2024-01-01 05:36:00,sensor_008,25.7,64.8,496.0,163.0,zone_4
2024-01-01 05:38:00,sensor_009,25.2,64.5,,167.0,zone_5
2024-01-01 05:40:00,sensor_000,25.9,63.5,446.0,168.0,zone_1
2024-01-01 05:42:00,sensor_001,,62.7,440.0,186.0,zone_2
2024-01-01 05:44:00,sensor_002,25.1,65.4,472.0,147.0,zone_3
2024-01-01 05:46:00,sensor_003,25.8,64.3,468.0,152.0,zone_4
2024-01-01 05:48:00,sensor_004,25.2,64.2,506.0,166.0,zone_5
2024-01-01 05:50:00,sensor_005,25.6,64.0,,184.0,zone_1
2024-01-01 05:52:00,sensor_006,25.8,64.2,490.0,161.0,zone_2
2024-01-01 05:54:00,sensor_007,25.1,63.3,459.0,181.0,zone_3
2024-01-01 05:56:00,sensor_008,25.6,64.0,470.0,191.0,zone_4
2024-01-01 05:58:00,sensor_009,25.7,65.3,493.0,186.0,zone_5
2024-01-01 06:00:00,sensor_000,25.5,64.5,469.0,153.0,zone_1
2024-01-01 06:02:00,sensor_001,25.6,63.3,488.0,174.0,zone_2
2024-01-01 06:04:00,sensor_002,25.3,65.7,504.0,155.0,zone_3
2024-01-01 06:06:00,sensor_003,25.5,63.2,473.0,181.0,zone_4
2024-01-01 06:08:00,sensor_004,25.9,66.6,491.0,190.0,zone_5
2024-01-01 06:10:00,sensor_005,25.9,63.6,463.0,167.0,zone_1
2024-01-01 06:12:00,sensor_006,25.8,65.9,482.0,197.0,zone_2
2024-01-01 06:14:00,sensor_007,25.8,62.8,508.0,187.0,zone_3
2024-01-01 06:16:00,sensor_008,25.9,63.9,456.0,149.0,zone_4
2024-01-01 06:18:00,sensor_009,25.6,63.3,498.0,168.0,zone_5
2024-01-01 06:20:00,sensor_000,25.6,64.1,482.0,165.0,zone_1
2024-01-01 06:22:00,sensor_001,25.3,62.9,475.0,180.0,zone_2
2024-01-01 06:24:00,sensor_002,25.9,64.6,481.0,159.0,zone_3
2024-01-01 06:26:00,sensor_003,25.6,63.8,494.0,,zone_4
2024-01-01 06:28:00,sensor_004,25.6,65.1,463.0,148.0,zone_5
2024-01-01 06:30:00,sensor_005,25.5,,440.0,161.0,zone_1
2024-01-01 06:32:00,sensor_006,25.9,64.7,472.0,175.0,zone_2
2024-01-01 06:34:00,sensor_007,25.2,62.8,470.0,200.0,zone_3
2024-01-01 06:36:00,sensor_008,25.9,64.4,463.0,169.0,zone_4
2024-01-01 06:38:00,sensor_009,25.8,66.0,483.0,181.0,zone_5
2024-01-01 06:40:00,sensor_000,25.8,64.8,488.0,158.0,zone_1
2024-01-01 06:42:00,sensor_001,25.4,64.7,451.0,166.0,zone_2
2024-01-01 06:44:00,sensor_002,25.9,66.0,507.0,162.0,zone_3
2024-01-01 06:46:00,sensor_003,25.8,65.7,463.0,153.0,zone_4
2024-01-01 06:48:00,sensor_004,26.0,65.7,486.0,183.0,zone_5
2024-01-01 06:50:00,sensor_005,,66.2,483.0,174.0,zone_1
2024-01-01 06:52:00,sensor_006,25.5,63.8,435.0,172.0,zone_2
2024-01-01 06:54:00,sensor_007,25.3,66.0,448.0,179.0,zone_3
2024-01-01 06:56:00,sensor_008,,64.6,494.0,186.0,zone_4
2024-01-01 06:58:00,sensor_009,26.0,65.3,487.0,171.0,zone_5
2024-01-01 07:00:00,sensor_000,25.2,65.8,451.0,157.0,zone_1
2024-01-01 07:02:00,sensor_001,25.3,63.9,,159.0,zone_2
2024-01-01 07:04:00,sensor_002,25.4,63.8,451.0,170.0,zone_3
2024-01-01 07:06:00,sensor_003,25.1,62.6,496.0,178.0,zone_4
2024-01-01 07:08:00,sensor_004,26.0,65.7,479.0,184.0,zone_5
2024-01-01 07:10:00,sensor_005,26.0,65.0,452.0,169.0,zone_1
2024-01-01 07:12:00,sensor_006,25.4,65.4,509.0,168.0,zone_2
2024-01-01 07:14:00,sensor_007,25.8,64.3,497.0,185.0,zone_3
2024-01-01 07:16:00,sensor_008,32.3,63.1,485.0,167.0,zone_4
2024-01-01 07:18:00,sensor_009,25.1,65.6,445.0,162.0,zone_5
2024-01-01 07:20:00,sensor_000,25.1,63.5,502.0,186.0,zone_1
2024-01-01 07:22:00,sensor_001,25.9,65.3,481.0,151.0,zone_2
2024-01-01 07:24:00,sensor_002,25.7,63.1,469.0,166.0,zone_3
2024-01-01 07:26:00,sensor_003,25.6,63.4,499.0,,zone_4
2024-01-01 07:28:00,sensor_004,26.0,66.1,490.0,164.0,zone_5
2024-01-01 07:30:00,sensor_005,26.0,65.5,481.0,169.0,zone_1
2024-01-01 07:32:00,sensor_006,25.9,64.4,446.0,188.0,zone_2
2024-01-01 07:34:00,sensor_007,25.8,63.3,508.0,157.0,zone_3
2024-01-01 07:36:00,sensor_008,25.3,64.0,465.0,187.0,zone_4
2024-01-01 07:38:00,sensor_009,25.3,66.2,447.0,165.0,zone_5
2024-01-01 07:40:00,sensor_000,25.7,65.4,482.0,,zone_1
2024-01-01 07:42:00,sensor_001,25.2,65.0,489.0,174.0,zone_2
2024-01-01 07:44:00,sensor_002,25.9,64.4,463.0,163.0,zone_3
2024-01-01 07:46:00,sensor_003,25.4,62.4,452.0,170.0,zone_4
2024-01-01 07:48:00,sensor_004,26.0,64.6,453.0,155.0,zone_5
2024-01-01 07:50:00,sensor_005,25.5,64.7,451.0,155.0,zone_1
2024-01-01 07:52:00,sensor_006,26.0,62.5,484.0,154.0,zone_2
2024-01-01 07:54:00,sensor_007,25.5,64.1,504.0,187.0,zone_3
2024-01-01 07:56:00,sensor_008,25.9,63.6,472.0,153.0,zone_4
2024-01-01 07:58:00,sensor_009,25.4,62.4,1162.4549289717481,193.0,zone_5
2024-01-01 08:00:00,sensor_000,25.1,63.5,672.0,589.0,zone_1
2024-01-01 08:02:00,sensor_001,25.1,61.9,638.0,576.0,zone_2
2024-01-01 08:04:00,sensor_002,25.2,64.7,655.0,625.0,zone_3
2024-01-01 08:06:00,sensor_003,25.0,63.8,739.0,403.0,zone_4
2024-01-01 08:08:00,sensor_004,,63.7,678.0,458.0,zone_5
2024-01-01 08:10:00,sensor_005,25.2,64.4,748.0,,zone_1
2024-01-01 08:12:00,sensor_006,25.3,64.0,724.0,370.0,zone_2
2024-01-01 08:14:00,sensor_007,25.0,63.1,655.0,552.0,zone_3
2024-01-01 08:16:00,sensor_008,25.5,62.1,705.0,,zone_4
2024-01-01 08:18:00,sensor_009,24.7,63.2,742.0,640.0,zone_5
2024-01-01 08:20:00,sensor_000,24.8,63.1,729.0,626.0,zone_1
2024-01-01 08:22:00,sensor_001,25.0,62.2,659.0,585.0,zone_2
2024-01-01 08:24:00,sensor_002,25.0,63.7,720.0,635.0,zone_3
2024-01-01 08:26:00,sensor_003,24.9,61.2,699.0,544.0,zone_4
2024-01-01 08:28:00,sensor_004,24.9,61.7,686.0,528.0,zone_5
2024-01-01 08:30:00,sensor_005,25.2,61.2,692.0,623.0,zone_1
2024-01-01 08:32:00,sensor_006,24.8,63.4,753.0,479.0,zone_2
2024-01-01 08:34:00,sensor_007,25.2,64.3,698.0,373.0,zone_3
2024-01-01 08:36:00,sensor_008,25.5,62.7,727.0,535.0,zone_4
2024-01-01 08:38:00,sensor_009,24.7,62.9,658.0,593.0,zone_5
2024-01-01 08:40:00,sensor_000,24.8,61.9,725.0,537.0,zone_1
2024-01-01 08:42:00,sensor_001,25.5,,721.0,583.0,zone_2
2024-01-01 08:44:00,sensor_002,25.0,64.2,706.0,,zone_3
2024-01-01 08:46:00,sensor_003,25.1,64.3,650.0,632.0,zone_4
2024-01-01 08:48:00,sensor_004,25.0,63.5,659.0,408.0,zone_5
2024-01-01 08:50:00,sensor_005,24.9,63.2,741.0,596.0,zone_1
2024-01-01 08:52:00,sensor_006,25.2,61.4,697.0,503.0,zone_2
2024-01-01 08:54:00,sensor_007,25.3,64.1,718.0,572.0,zone_3
2024-01-01 08:56:00,sensor_008,25.3,63.0,658.0,368.0,zone_4
2024-01-01 08:58:00,sensor_009,25.2,63.2,683.0,550.0,zone_5
2024-01-01 09:00:00,sensor_000,24.7,59.5,681.0,582.0,zone_1
2024-01-01 09:02:00,sensor_001,24.2,60.7,686.0,499.0,zone_2
2024-01-01 09:04:00,sensor_002,25.0,58.8,718.0,609.0,zone_3
2024-01-01 09:06:00,sensor_003,24.3,59.3,665.0,485.0,zone_4
2024-01-01 09:08:00,sensor_004,24.3,61.8,674.0,531.0,zone_5
2024-01-01 09:10:00,sensor_005,24.8,60.3,708.0,443.0,zone_1
2024-01-01 09:12:00,sensor_006,25.0,60.3,699.0,351.0,zone_2
2024-01-01 09:14:00,sensor_007,24.5,61.8,691.0,364.0,zone_3
2024-01-01 09:16:00,sensor_008,24.5,61.8,712.0,609.0,zone_4
2024-01-01 09:18:00,sensor_009,24.6,59.1,688.0,461.0,zone_5
2024-01-01 09:20:00,sensor_000,24.3,62.3,707.0,571.0,zone_1
2024-01-01 09:22:00,sensor_001,24.8,59.7,765.0,473.0,zone_2
2024-01-01 09:24:00,sensor_002,24.5,58.5,655.0,499.0,zone_3
2024-01-01 09:26:00,sensor_003,24.6,60.4,690.0,489.0,zone_4
2024-01-01 09:28:00,sensor_004,24.8,59.5,,653.0,zone_5
2024-01-01 09:30:00,sensor_005,24.3,61.6,697.0,566.0,zone_1
2024-01-01 09:32:00,sensor_006,24.8,61.2,755.0,515.0,zone_2
2024-01-01 09:34:00,sensor_007,24.8,61.4,700.0,644.0,zone_3
2024-01-01 09:36:00,sensor_008,24.7,60.8,721.0,394.0,zone_4
2024-01-01 09:38:00,sensor_009,25.0,58.8,698.0,355.0,zone_5
2024-01-01 09:40:00,sensor_000,24.4,61.4,681.0,564.0,zone_1
2024-01-01 09:42:00,sensor_001,24.2,59.1,716.0,371.0,zone_2
2024-01-01 09:44:00,sensor_002,24.2,62.0,696.0,441.0,zone_3
2024-01-01 09:46:00,sensor_003,24.7,61.1,731.0,560.0,zone_4
2024-01-01 09:48:00,sensor_004,24.3,62.2,666.0,513.0,zone_5
2024-01-01 09:50:00,sensor_005,24.4,59.7,688.0,567.0,zone_1
2024-01-01 09:52:00,sensor_006,24.7,59.8,696.0,392.0,zone_2
2024-01-01 09:54:00,sensor_007,24.3,59.5,754.0,588.0,zone_3
2024-01-01 09:56:00,sensor_008,24.5,59.1,695.0,435.0,zone_4
2024-01-01 09:58:00,sensor_009,24.7,,709.0,394.0,zone_5
2024-01-01 10:00:00,sensor_000,23.3,56.9,711.0,533.0,zone_1
2024-01-01 10:02:00,sensor_001,23.8,58.9,723.0,360.0,zone_2
2024-01-01 10:04:00,sensor_002,23.4,59.1,730.0,496.0,zone_3
2024-01-01 10:06:00,sensor_003,23.8,57.3,749.0,385.0,zone_4
2024-01-01 10:08:00,sensor_004,24.1,55.9,758.0,412.0,zone_5
2024-01-01 10:10:00,sensor_005,24.1,59.1,706.0,506.0,zone_1
2024-01-01 10:12:00,sensor_006,23.3,,642.0,530.0,zone_2
2024-01-01 10:14:00,sensor_007,24.1,58.6,703.0,492.0,zone_3
2024-01-01 10:16:00,sensor_008,23.7,56.2,648.0,403.0,zone_4
2024-01-01 10:18:00,sensor_009,24.0,55.9,743.0,528.0,zone_5
2024-01-01 10:20:00,sensor_000,23.3,57.9,720.0,497.0,zone_1
2024-01-01 10:22:00,sensor_001,23.5,56.1,692.0,433.0,zone_2
2024-01-01 10:24:00,sensor_002,23.2,57.8,687.0,558.0,zone_3
2024-01-01 10:26:00,sensor_003,23.6,57.2,677.0,446.0,zone_4
2024-01-01 10:28:00,sensor_004,24.1,56.4,685.0,379.0,zone_5
2024-01-01 10:30:00,sensor_005,24.0,57.6,659.0,396.0,zone_1
2024-01-01 10:32:00,sensor_006,23.9,56.1,686.0,516.0,zone_2
2024-01-01 10:34:00,sensor_007,23.7,58.0,720.0,375.0,zone_3
2024-01-01 10:36:00,sensor_008,23.7,57.5,642.0,510.0,zone_4
2024-01-01 10:38:00,sensor_009,23.4,57.5,685.0,385.0,zone_5
2024-01-01 10:40:00,sensor_000,23.7,57.0,713.0,485.0,zone_1
2024-01-01 10:42:00,sensor_001,23.6,58.5,740.0,568.0,zone_2
2024-01-01 10:44:00,sensor_002,23.3,59.2,671.0,444.0,zone_3
2024-01-01 10:46:00,sensor_003,23.6,58.3,754.0,369.0,zone_4
2024-01-01 10:48:00,sensor_004,24.2,56.7,729.0,484.0,zone_5
2024-01-01 10:50:00,sensor_005,23.9,57.4,693.0,551.0,zone_1
2024-01-01 10:52:00,sensor_006,23.7,58.1,656.0,501.0,zone_2
2024-01-01 10:54:00,sensor_007,23.9,57.4,653.0,445.0,zone_3
2024-01-01 10:56:00,sensor_008,23.5,59.0,683.0,446.0,zone_4
2024-01-01 10:58:00,sensor_009,24.0,58.7,711.0,469.0,zone_5
2024-01-01 11:00:00,sensor_000,22.8,54.4,642.0,364.0,zone_1
2024-01-01 11:02:00,sensor_001,22.5,55.0,672.0,420.0,zone_2
2024-01-01 11:04:00,sensor_002,,52.9,682.0,598.0,zone_3
2024-01-01 11:06:00,sensor_003,22.4,54.2,670.0,436.0,zone_4
2024-01-01 11:08:00,sensor_004,23.1,55.2,661.0,633.0,zone_5
2024-01-01 11:10:00,sensor_005,23.2,54.3,710.0,638.0,zone_1
2024-01-01 11:12:00,sensor_006,22.6,54.6,690.0,401.0,zone_2
2024-01-01 11:14:00,sensor_007,23.0,55.2,682.0,571.0,zone_3
2024-01-01 11:16:00,sensor_008,22.5,52.4,711.0,398.0,zone_4
2024-01-01 11:18:00,sensor_009,23.0,52.4,725.0,381.0,zone_5
2024-01-01 11:20:00,sensor_000,22.4,54.6,719.0,613.0,zone_1
2024-01-01 11:22:00,sensor_001,22.6,55.4,678.0,619.0,zone_2
2024-01-01 11:24:00,sensor_002,23.2,53.5,735.0,387.0,zone_3
2024-01-01 11:26:00,sensor_003,22.8,,665.0,625.0,zone_4
2024-01-01 11:28:00,sensor_004,22.8,53.6,669.0,438.0,zone_5
2024-01-01 11:30:00,sensor_005,23.2,53.1,693.0,603.0,zone_1
2024-01-01 11:32:00,sensor_006,22.5,55.3,675.0,392.0,zone_2
2024-01-01 11:34:00,sensor_007,22.6,54.9,665.0,452.0,zone_3
2024-01-01 11:36:00,sensor_008,23.1,55.5,724.0,427.0,zone_4
2024-01-01 11:38:00,sensor_009,22.4,54.5,666.0,596.0,zone_5
2024-01-01 11:40:00,sensor_000,22.3,51.7,718.0,551.0,zone_1
2024-01-01 11:42:00,sensor_001,22.7,55.0,706.0,583.0,zone_2
2024-01-01 11:44:00,sensor_002,22.6,54.1,657.0,504.0,zone_3
2024-01-01 11:46:00,sensor_003,22.2,53.8,678.0,496.0,zone_4
2024-01-01 11:48:00,sensor_004,22.3,54.8,684.0,649.0,zone_5
2024-01-01 11:50:00,sensor_005,22.3,52.2,728.0,382.0,zone_1
2024-01-01 11:52:00,sensor_006,22.6,53.1,727.0,431.0,zone_2
2024-01-01 11:54:00,sensor_007,22.9,55.0,755.0,424.0,zone_3
2024-01-01 11:56:00,sensor_008,22.6,53.8,708.0,368.0,zone_4
2024-01-01 11:58:00,sensor_009,22.7,54.7,669.0,507.0,zone_5
2024-01-01 12:00:00,sensor_000,21.2,48.6,674.0,516.0,zone_1
2024-01-01 12:02:00,sensor_001,21.3,51.4,713.0,365.0,zone_2
2024-01-01 12:04:00,sensor_002,21.5,51.6,656.0,633.0,zone_3
2024-01-01 12:06:00,sensor_003,21.3,48.4,710.0,476.0,zone_4
2024-01-01 12:08:00,sensor_004,21.5,50.7,674.0,628.0,zone_5
2024-01-01 12:10:00,sensor_005,22.2,47.9,719.0,507.0,zone_1
2024-01-01 12:12:00,sensor_006,22.2,49.3,695.0,571.0,zone_2
2024-01-01 12:14:00,sensor_007,21.7,49.1,694.0,646.0,zone_3
2024-01-01 12:16:00,sensor_008,21.3,50.2,729.0,552.0,zone_4
2024-01-01 12:18:00,sensor_009,21.9,50.2,667.0,392.0,zone_5
2024-01-01 12:20:00,sensor_000,21.5,49.1,651.0,344.0,zone_1
2024-01-01 12:22:00,sensor_001,,49.3,649.0,481.0,zone_2
2024-01-01 12:24:00,sensor_002,21.5,49.2,650.0,527.0,zone_3
2024-01-01 12:26:00,sensor_003,22.1,51.6,661.0,613.0,zone_4
2024-01-01 12:28:00,sensor_004,21.5,49.7,670.0,390.0,zone_5
2024-01-01 12:30:00,sensor_005,21.3,48.7,681.0,497.0,zone_1
2024-01-01 12:32:00,sensor_006,21.3,48.9,727.0,405.0,zone_2
2024-01-01 12:34:00,sensor_007,21.5,49.0,724.0,598.0,zone_3
2024-01-01 12:36:00,sensor_008,21.5,51.5,735.0,387.0,zone_4
2024-01-01 12:38:00,sensor_009,21.5,50.5,746.0,642.0,zone_5
2024-01-01 12:40:00,sensor_000,22.0,49.3,658.0,464.0,zone_1
2024-01-01 12:42:00,sensor_001,21.9,49.9,727.0,512.0,zone_2
2024-01-01 12:44:00,sensor_002,21.5,50.5,733.0,487.0,zone_3
2024-01-01 12:46:00,sensor_003,21.8,48.7,697.0,504.0,zone_4
2024-01-01 12:48:00,sensor_004,22.2,49.6,724.0,372.0,zone_5
2024-01-01 12:50:00,sensor_005,21.8,50.9,736.0,565.0,zone_1
2024-01-01 12:52:00,sensor_006,21.3,50.8,709.0,538.0,zone_2
2024-01-01 12:54:00,sensor_007,22.2,50.4,710.0,368.0,zone_3
2024-01-01 12:56:00,sensor_008,21.2,48.7,746.0,479.0,zone_4
2024-01-01 12:58:00,sensor_009,21.7,49.3,718.0,524.0,zone_5
2024-01-01 13:00:00,sensor_000,20.2,44.2,696.0,462.0,zone_1
2024-01-01 13:02:00,sensor_001,20.3,45.1,659.0,626.0,zone_2
2024-01-01 13:04:00,sensor_002,20.6,46.6,691.0,488.0,zone_3
2024-01-01 13:06:00,sensor_003,21.0,46.4,738.0,377.0,zone_4
2024-01-01 13:08:00,sensor_004,20.3,44.5,750.0,432.0,zone_5
2024-01-01 13:10:00,sensor_005,20.4,46.4,670.0,462.0,zone_1
2024-01-01 13:12:00,sensor_006,20.8,45.4,719.0,403.0,zone_2
2024-01-01 13:14:00,sensor_007,20.2,44.2,740.0,586.0,zone_3
2024-01-01 13:16:00,sensor_008,20.4,47.3,683.0,490.0,zone_4
2024-01-01 13:18:00,sensor_009,20.8,45.2,723.0,535.0,zone_5
2024-01-01 13:20:00,sensor_000,20.5,46.3,714.0,,zone_1
2024-01-01 13:22:00,sensor_001,20.4,46.6,662.0,439.0,zone_2
2024-01-01 13:24:00,sensor_002,20.4,46.4,671.0,468.0,zone_3
2024-01-01 13:26:00,sensor_003,20.7,44.4,742.0,515.0,zone_4
2024-01-01 13:28:00,sensor_004,20.2,44.4,667.0,466.0,zone_5
2024-01-01 13:30:00,sensor_005,20.9,45.5,714.0,498.0,zone_1
2024-01-01 13:32:00,sensor_006,20.9,45.0,,360.0,zone_2
2024-01-01 13:34:00,sensor_007,,46.9,668.0,479.0,zone_3
2024-01-01 13:36:00,sensor_008,21.0,45.3,674.0,573.0,zone_4
2024-01-01 13:38:00,sensor_009,21.2,44.2,735.0,518.0,zone_5
2024-01-01 13:40:00,sensor_000,20.6,45.2,692.0,648.0,zone_1
2024-01-01 13:42:00,sensor_001,20.4,47.1,,579.0,zone_2
2024-01-01 13:44:00,sensor_002,20.3,44.4,709.0,533.0,zone_3
2024-01-01 13:46:00,sensor_003,20.5,46.0,648.0,459.0,zone_4
2024-01-01 13:48:00,sensor_004,21.0,47.8,686.0,422.0,zone_5
2024-01-01 13:50:00,sensor_005,21.1,47.8,760.0,578.0,zone_1
2024-01-01 13:52:00,sensor_006,20.9,47.1,747.0,428.0,zone_2
2024-01-01 13:54:00,sensor_007,20.4,45.5,697.0,525.0,zone_3
2024-01-01 13:56:00,sensor_008,20.7,44.9,755.0,375.0,zone_4
2024-01-01 13:58:00,sensor_009,20.2,46.9,754.0,452.0,zone_5
2024-01-01 14:00:00,sensor_000,19.6,40.5,697.0,543.0,zone_1
2024-01-01 14:02:00,sensor_001,19.5,43.5,686.0,415.0,zone_2
2024-01-01 14:04:00,sensor_002,19.6,42.9,688.0,487.0,zone_3
2024-01-01 14:06:00,sensor_003,19.3,43.6,726.0,477.0,zone_4
2024-01-01 14:08:00,sensor_004,19.9,40.7,751.0,403.0,zone_5
2024-01-01 14:10:00,sensor_005,19.9,41.2,738.0,440.0,zone_1
2024-01-01 14:12:00,sensor_006,19.5,43.0,655.0,472.0,zone_2
2024-01-01 14:14:00,sensor_007,19.7,40.7,709.0,353.0,zone_3
2024-01-01 14:16:00,sensor_008,20.0,44.2,647.0,551.0,zone_4
2024-01-01 14:18:00,sensor_009,19.9,40.6,649.0,472.0,zone_5
2024-01-01 14:20:00,sensor_000,20.0,40.7,683.0,574.0,zone_1
2024-01-01 14:22:00,sensor_001,19.9,42.0,711.0,355.0,zone_2
2024-01-01 14:24:00,sensor_002,19.9,43.6,648.0,465.0,zone_3
2024-01-01 14:26:00,sensor_003,19.6,44.1,717.0,519.0,zone_4
2024-01-01 14:28:00,sensor_004,19.8,,682.0,380.0,zone_5
2024-01-01 14:30:00,sensor_005,19.9,41.4,719.0,604.0,zone_1
2024-01-01 14:32:00,sensor_006,19.3,43.8,742.0,438.0,zone_2
2024-01-01 14:34:00,sensor_007,19.8,42.3,680.0,509.0,zone_3
2024-01-01 14:36:00,sensor_008,20.1,42.5,738.0,393.0,zone_4
2024-01-01 14:38:00,sensor_009,20.0,40.3,708.0,631.0,zone_5
2024-01-01 14:40:00,sensor_000,20.0,42.2,659.0,368.0,zone_1
2024-01-01 14:42:00,sensor_001,19.3,42.4,696.0,556.0,zone_2
2024-01-01 14:44:00,sensor_002,19.4,43.4,682.0,501.0,zone_3
2024-01-01 14:46:00,sensor_003,19.9,40.5,721.0,604.0,zone_4
2024-01-01 14:48:00,sensor_004,19.3,41.9,732.0,369.0,zone_5
2024-01-01 14:50:00,sensor_005,19.9,40.7,689.0,576.0,zone_1
2024-01-01 14:52:00,sensor_006,19.7,43.3,675.0,629.0,zone_2
2024-01-01 14:54:00,sensor_007,19.5,43.8,673.0,574.0,zone_3
2024-01-01 14:56:00,sensor_008,19.3,43.1,733.0,423.0,zone_4
2024-01-01 14:58:00,sensor_009,19.7,42.5,690.0,453.0,zone_5
2024-01-01 15:00:00,sensor_000,19.1,38.0,660.0,513.0,zone_1
2024-01-01 15:02:00,sensor_001,18.8,38.6,722.0,431.0,zone_2
2024-01-01 15:04:00,sensor_002,19.3,40.1,732.0,512.0,zone_3
2024-01-01 15:06:00,sensor_003,18.6,37.4,686.0,566.0,zone_4
2024-01-01 15:08:00,sensor_004,19.2,41.0,758.0,395.0,zone_5
2024-01-01 15:10:00,sensor_005,19.2,38.4,698.0,424.0,zone_1
2024-01-01 15:12:00,sensor_006,,39.6,668.0,520.0,zone_2
2024-01-01 15:14:00,sensor_007,18.6,40.7,709.0,576.0,zone_3
2024-01-01 15:16:00,sensor_008,18.6,38.5,664.0,480.0,zone_4
2024-01-01 15:18:00,sensor_009,19.0,40.5,754.0,342.0,zone_5
2024-01-01 15:20:00,sensor_000,18.9,37.3,722.0,425.0,zone_1
2024-01-01 15:22:00,sensor_001,19.3,39.2,667.0,623.0,zone_2
2024-01-01 15:24:00,sensor_002,18.5,37.6,760.0,366.0,zone_3
2024-01-01 15:26:00,sensor_003,19.3,38.0,697.0,476.0,zone_4
2024-01-01 15:28:00,sensor_004,19.1,38.4,720.0,551.0,zone_5
2024-01-01 15:30:00,sensor_005,19.0,37.7,656.0,583.0,zone_1
2024-01-01 15:32:00,sensor_006,19.3,37.9,682.0,506.0,zone_2
2024-01-01 15:34:00,sensor_007,19.1,40.4,669.0,388.0,zone_3
2024-01-01 15:36:00,sensor_008,18.5,38.1,727.0,448.0,zone_4
2024-01-01 15:38:00,sensor_009,19.4,37.2,713.0,427.0,zone_5
2024-01-01 15:40:00,sensor_000,,40.3,710.0,415.0,zone_1
2024-01-01 15:42:00,sensor_001,18.5,40.4,727.0,647.0,zone_2
2024-01-01 15:44:00,sensor_002,18.6,40.4,695.0,515.0,zone_3
2024-01-01 15:46:00,sensor_003,18.5,40.7,753.0,479.0,zone_4
2024-01-01 15:48:00,sensor_004,18.5,39.4,667.0,486.0,zone_5
2024-01-01 15:50:00,sensor_005,18.6,38.0,640.0,550.0,zone_1
2024-01-01 15:52:00,sensor_006,19.0,38.1,730.0,358.0,zone_2
2024-01-01 15:54:00,sensor_007,18.7,37.6,693.0,375.0,zone_3
2024-01-01 15:56:00,sensor_008,19.2,40.3,722.0,544.0,zone_4
2024-01-01 15:58:00,sensor_009,18.9,40.8,686.0,511.0,zone_5
2024-01-01 16:00:00,sensor_000,18.0,38.3,679.0,436.0,zone_1
2024-01-01 16:02:00,sensor_001,18.5,38.7,768.0,500.0,zone_2
2024-01-01 16:04:00,sensor_002,18.6,38.4,697.0,439.0,zone_3
2024-01-01 16:06:00,sensor_003,18.5,36.1,685.0,610.0,zone_4
2024-01-01 16:08:00,sensor_004,18.5,37.5,684.0,518.0,zone_5
2024-01-01 16:10:00,sensor_005,18.3,37.0,707.0,644.0,zone_1
2024-01-01 16:12:00,sensor_006,18.1,36.7,721.0,492.0,zone_2
2024-01-01 16:14:00,sensor_007,18.0,38.4,659.0,500.0,zone_3
2024-01-01 16:16:00,sensor_008,18.6,36.0,702.0,627.0,zone_4
2024-01-01 16:18:00,sensor_009,18.6,38.2,760.0,579.0,zone_5
2024-01-01 16:20:00,sensor_000,18.0,35.9,729.0,461.0,zone_1
2024-01-01 16:22:00,sensor_001,18.7,37.3,731.0,596.0,zone_2
2024-01-01 16:24:00,sensor_002,18.5,35.6,722.0,622.0,zone_3
2024-01-01 16:26:00,sensor_003,18.0,37.6,698.0,565.0,zone_4
2024-01-01 16:28:00,sensor_004,18.7,34.8,693.0,656.0,zone_5
2024-01-01 16:30:00,sensor_005,18.3,38.5,732.0,421.0,zone_1
2024-01-01 16:32:00,sensor_006,18.0,38.3,657.0,648.0,zone_2
2024-01-01 16:34:00,sensor_007,18.2,35.8,703.0,607.0,zone_3
2024-01-01 16:36:00,sensor_008,18.0,36.3,684.0,391.0,zone_4
2024-01-01 16:38:00,sensor_009,18.1,36.9,722.0,497.0,zone_5
2024-01-01 16:40:00,sensor_000,18.4,35.4,719.0,552.0,zone_1
2024-01-01 16:42:00,sensor_001,18.7,35.0,666.0,443.0,zone_2
2024-01-01 16:44:00,sensor_002,18.6,35.1,726.0,516.0,zone_3
2024-01-01 16:46:00,sensor_003,18.7,35.4,713.0,352.0,zone_4
2024-01-01 16:48:00,sensor_004,18.0,37.5,669.0,416.0,zone_5
2024-01-01 16:50:00,sensor_005,18.0,34.9,679.0,441.0,zone_1
2024-01-01 16:52:00,sensor_006,18.2,35.9,671.0,460.0,zone_2
2024-01-01 16:54:00,sensor_007,18.0,35.9,653.0,364.0,zone_3
2024-01-01 16:56:00,sensor_008,18.2,37.4,664.0,470.0,zone_4
2024-01-01 16:58:00,sensor_009,18.1,36.5,659.0,614.0,zone_5
2024-01-01 17:00:00,sensor_000,18.0,36.2,679.0,422.0,zone_1
2024-01-01 17:02:00,sensor_001,18.3,35.6,686.0,519.0,zone_2
2024-01-01 17:04:00,sensor_002,18.0,36.7,730.0,483.0,zone_3
2024-01-01 17:06:00,sensor_003,18.2,36.1,697.0,381.0,zone_4
2024-01-01 17:08:00,sensor_004,18.0,33.7,740.0,546.0,zone_5
2024-01-01 17:10:00,sensor_005,18.2,33.7,745.0,651.0,zone_1
2024-01-01 17:12:00,sensor_006,18.0,36.6,683.0,657.0,zone_2
2024-01-01 17:14:00,sensor_007,18.0,34.8,734.0,365.0,zone_3
2024-01-01 17:16:00,sensor_008,18.1,35.7,696.0,610.0,zone_4
2024-01-01 17:18:00,sensor_009,18.0,36.3,709.0,402.0,zone_5
2024-01-01 17:20:00,sensor_000,18.0,35.4,700.0,378.0,zone_1
2024-01-01 17:22:00,sensor_001,18.0,33.4,679.0,488.0,zone_2
2024-01-01 17:24:00,sensor_002,18.0,36.8,704.0,552.0,zone_3
2024-01-01 17:26:00,sensor_003,18.2,33.3,737.0,622.0,zone_4
2024-01-01 17:28:00,sensor_004,18.0,33.6,692.0,490.0,zone_5
2024-01-01 17:30:00,sensor_005,18.2,34.3,744.0,485.0,zone_1
2024-01-01 17:32:00,sensor_006,25.2,36.2,679.0,420.0,zone_2
2024-01-01 17:34:00,sensor_007,18.0,34.5,732.0,497.0,zone_3
2024-01-01 17:36:00,sensor_008,18.0,34.0,748.0,620.0,zone_4
2024-01-01 17:38:00,sensor_009,18.3,36.0,665.0,493.0,zone_5
2024-01-01 17:40:00,sensor_000,18.0,33.3,695.0,542.0,zone_1
2024-01-01 17:42:00,sensor_001,18.0,34.6,654.0,619.0,zone_2
2024-01-01 17:44:00,sensor_002,18.0,34.8,711.0,558.0,zone_3
2024-01-01 17:46:00,sensor_003,18.0,35.9,737.0,605.0,zone_4
2024-01-01 17:48:00,sensor_004,18.1,33.3,668.0,587.0,zone_5
2024-01-01 17:50:00,sensor_005,18.0,36.4,702.0,361.0,zone_1
2024-01-01 17:52:00,sensor_006,25.0,34.6,704.0,476.0,zone_2
2024-01-01 17:54:00,sensor_007,18.0,33.6,718.0,600.0,zone_3
2024-01-01 17:56:00,sensor_008,18.0,35.7,726.0,454.0,zone_4
2024-01-01 17:58:00,sensor_009,18.0,36.7,646.0,650.0,zone_5
2024-01-01 18:00:00,sensor_000,18.0,35.8,755.0,445.0,zone_1
2024-01-01 18:02:00,sensor_001,18.0,35.4,739.0,533.0,zone_2
2024-01-01 18:04:00,sensor_002,18.0,34.3,731.0,431.0,zone_3
2024-01-01 18:06:00,sensor_003,18.0,33.6,708.0,412.0,zone_4
2024-01-01 18:08:00,sensor_004,18.0,36.1,754.0,559.0,zone_5
2024-01-01 18:10:00,sensor_005,18.0,33.7,680.0,384.0,zone_1
2024-01-01 18:12:00,sensor_006,18.0,33.1,662.0,558.0,zone_2
2024-01-01 18:14:00,sensor_007,18.0,33.7,672.0,593.0,zone_3
2024-01-01 18:16:00,sensor_008,18.0,36.5,679.0,617.0,zone_4
2024-01-01 18:18:00,sensor_009,18.0,33.9,682.0,617.0,zone_5
2024-01-01 18:20:00,sensor_000,18.0,35.0,680.0,409.0,zone_1
2024-01-01 18:22:00,sensor_001,18.0,34.7,686.0,558.0,zone_2
2024-01-01 18:24:00,sensor_002,18.0,35.8,700.0,356.0,zone_3
2024-01-01 18:26:00,sensor_003,18.0,35.2,704.0,577.0,zone_4
2024-01-01 18:28:00,sensor_004,18.0,33.5,741.0,455.0,zone_5
2024-01-01 18:30:00,sensor_005,18.0,35.4,687.0,594.0,zone_1
2024-01-01 18:32:00,sensor_006,18.0,34.2,722.0,446.0,zone_2
2024-01-01 18:34:00,sensor_007,18.0,35.6,736.0,436.0,zone_3
2024-01-01 18:36:00,sensor_008,18.0,36.3,733.0,642.0,zone_4
2024-01-01 18:38:00,sensor_009,18.0,33.6,753.0,618.0,zone_5
2024-01-01 18:40:00,sensor_000,18.0,34.2,729.0,517.0,zone_1
2024-01-01 18:42:00,sensor_001,18.0,32.9,757.0,,zone_2
2024-01-01 18:44:00,sensor_002,18.0,34.4,710.0,,zone_3
2024-01-01 18:46:00,sensor_003,,35.2,689.0,399.0,zone_4
2024-01-01 18:48:00,sensor_004,18.0,33.3,729.0,423.0,zone_5
2024-01-01 18:50:00,sensor_005,18.0,33.1,709.0,379.0,zone_1
2024-01-01 18:52:00,sensor_006,18.0,35.5,668.0,497.0,zone_2
2024-01-01 18:54:00,sensor_007,18.1,34.0,679.0,415.0,zone_3
2024-01-01 18:56:00,sensor_008,18.0,33.3,724.0,600.0,zone_4
2024-01-01 18:58:00,sensor_009,18.0,33.6,741.0,376.0,zone_5
2024-01-01 19:00:00,sensor_000,18.0,33.4,464.0,161.0,zone_1
2024-01-01 19:02:00,sensor_001,18.0,36.3,447.0,193.0,zone_2
2024-01-01 19:04:00,sensor_002,18.0,35.0,488.0,166.0,zone_3
2024-01-01 19:06:00,sensor_003,18.0,34.8,473.0,186.0,zone_4
2024-01-01 19:08:00,sensor_004,18.1,35.8,481.0,184.0,zone_5
2024-01-01 19:10:00,sensor_005,18.3,33.9,481.0,154.0,zone_1
2024-01-01 19:12:00,sensor_006,18.0,34.7,484.0,174.0,zone_2
2024-01-01 19:14:00,sensor_007,18.3,33.7,501.0,184.0,zone_3
2024-01-01 19:16:00,sensor_008,18.0,34.5,478.0,155.0,zone_4
2024-01-01 19:18:00,sensor_009,18.0,37.1,495.0,175.0,zone_5
2024-01-01 19:20:00,sensor_000,18.0,35.9,466.0,181.0,zone_1
2024-01-01 19:22:00,sensor_001,18.2,35.5,503.0,160.0,zone_2
2024-01-01 19:24:00,sensor_002,18.2,36.6,496.0,149.0,zone_3
2024-01-01 19:26:00,sensor_003,18.3,33.4,463.0,164.0,zone_4
2024-01-01 19:28:00,sensor_004,18.0,36.4,468.0,168.0,zone_5
2024-01-01 19:30:00,sensor_005,18.0,35.8,456.0,154.0,zone_1
2024-01-01 19:32:00,sensor_006,18.0,35.6,,146.0,zone_2
2024-01-01 19:34:00,sensor_007,18.0,37.0,469.0,151.0,zone_3
2024-01-01 19:36:00,sensor_008,25.0,35.7,460.0,175.0,zone_4
2024-01-01 19:38:00,sensor_009,18.1,34.1,479.0,162.0,zone_5
2024-01-01 19:40:00,sensor_000,18.0,36.0,480.0,157.0,zone_1
2024-01-01 19:42:00,sensor_001,18.1,33.6,461.0,179.0,zone_2
2024-01-01 19:44:00,sensor_002,18.0,36.3,505.0,161.0,zone_3
2024-01-01 19:46:00,sensor_003,18.2,35.6,481.0,195.0,zone_4
2024-01-01 19:48:00,sensor_004,18.0,35.2,,,zone_5
2024-01-01 19:50:00,sensor_005,18.0,35.3,513.0,185.0,zone_1
2024-01-01 19:52:00,sensor_006,18.0,34.8,482.0,,zone_2
2024-01-01 19:54:00,sensor_007,18.3,36.9,485.0,164.0,zone_3
2024-01-01 19:56:00,sensor_008,18.0,,494.0,202.0,zone_4
2024-01-01 19:58:00,sensor_009,18.0,36.7,495.0,173.0,zone_5
2024-01-01 20:00:00,sensor_000,18.4,35.9,475.0,163.0,zone_1
2024-01-01 20:02:00,sensor_001,18.7,36.7,506.0,178.0,zone_2
2024-01-01 20:04:00,sensor_002,18.2,37.0,462.0,165.0,zone_3
2024-01-01 20:06:00,sensor_003,18.0,38.1,499.0,192.0,zone_4
2024-01-01 20:08:00,sensor_004,18.4,35.5,461.0,150.0,zone_5
2024-01-01 20:10:00,sensor_005,18.6,37.5,456.0,167.0,zone_1
2024-01-01 20:12:00,sensor_006,18.0,38.2,461.0,197.0,zone_2
2024-01-01 20:14:00,sensor_007,18.0,37.9,499.0,173.0,zone_3
2024-01-01 20:16:00,sensor_008,18.1,38.5,502.0,192.0,zone_4
2024-01-01 20:18:00,sensor_009,18.0,37.2,488.0,158.0,zone_5
2024-01-01 20:20:00,sensor_000,18.4,37.3,501.0,196.0,zone_1
2024-01-01 20:22:00,sensor_001,18.7,35.9,467.0,192.0,zone_2
2024-01-01 20:24:00,sensor_002,18.3,36.2,456.0,159.0,zone_3
2024-01-01 20:26:00,sensor_003,18.0,36.0,464.0,172.0,zone_4
2024-01-01 20:28:00,sensor_004,18.0,38.4,462.0,169.0,zone_5
2024-01-01 20:30:00,sensor_005,18.1,37.9,467.0,173.0,zone_1
2024-01-01 20:32:00,sensor_006,18.2,36.4,460.0,145.0,zone_2
2024-01-01 20:34:00,sensor_007,18.1,36.2,449.0,165.0,zone_3
2024-01-01 20:36:00,sensor_008,18.6,38.6,456.0,203.0,zone_4
2024-01-01 20:38:00,sensor_009,18.4,37.2,490.0,198.0,zone_5
2024-01-01 20:40:00,sensor_000,18.7,36.3,467.0,191.0,zone_1
2024-01-01 20:42:00,sensor_001,18.1,37.9,493.0,181.0,zone_2
2024-01-01 20:44:00,sensor_002,18.3,38.5,481.0,168.0,zone_3
2024-01-01 20:46:00,sensor_003,18.0,37.4,487.0,157.0,zone_4
2024-01-01 20:48:00,sensor_004,18.3,37.5,490.0,160.0,zone_5
2024-01-01 20:50:00,sensor_005,18.5,35.3,480.0,193.0,zone_1
2024-01-01 20:52:00,sensor_006,18.5,36.9,457.0,147.0,zone_2
2024-01-01 20:54:00,sensor_007,18.4,36.4,443.0,172.0,zone_3
2024-01-01 20:56:00,sensor_008,18.4,37.7,480.0,186.0,zone_4
2024-01-01 20:58:00,sensor_009,18.0,37.9,445.0,188.0,zone_5
2024-01-01 21:00:00,sensor_000,18.8,39.7,487.0,172.0,zone_1
2024-01-01 21:02:00,sensor_001,19.2,39.3,475.0,162.0,zone_2
2024-01-01 21:04:00,sensor_002,19.2,40.0,478.0,204.0,zone_3
2024-01-01 21:06:00,sensor_003,18.5,37.1,481.0,178.0,zone_4
2024-01-01 21:08:00,sensor_004,19.1,40.7,491.0,163.0,zone_5
2024-01-01 21:10:00,sensor_005,18.5,38.0,495.0,169.0,zone_1
2024-01-01 21:12:00,sensor_006,19.2,40.5,476.0,199.0,zone_2
2024-01-01 21:14:00,sensor_007,18.7,37.4,456.0,181.0,zone_3
2024-01-01 21:16:00,sensor_008,18.5,39.7,,168.0,zone_4
2024-01-01 21:18:00,sensor_009,18.8,39.6,487.0,,zone_5
2024-01-01 21:20:00,sensor_000,18.7,38.8,458.0,163.0,zone_1
2024-01-01 21:22:00,sensor_001,18.8,40.5,446.0,191.0,zone_2
2024-01-01 21:24:00,sensor_002,18.7,38.3,495.0,166.0,zone_3
2024-01-01 21:26:00,sensor_003,19.2,37.7,481.0,187.0,zone_4
2024-01-01 21:28:00,sensor_004,18.5,37.2,494.0,144.0,zone_5
2024-01-01 21:30:00,sensor_005,19.0,40.7,481.0,171.0,zone_1
2024-01-01 21:32:00,sensor_006,19.2,38.6,488.0,179.0,zone_2
2024-01-01 21:34:00,sensor_007,18.8,39.1,482.0,164.0,zone_3
2024-01-01 21:36:00,sensor_008,19.2,39.6,469.0,192.0,zone_4
2024-01-01 21:38:00,sensor_009,19.3,39.7,491.0,163.0,zone_5
2024-01-01 21:40:00,sensor_000,18.6,39.1,456.0,165.0,zone_1
2024-01-01 21:42:00,sensor_001,19.3,38.5,450.0,159.0,zone_2
2024-01-01 21:44:00,sensor_002,18.7,39.9,453.0,205.0,zone_3
2024-01-01 21:46:00,sensor_003,18.9,37.8,497.0,160.0,zone_4
2024-01-01 21:48:00,sensor_004,18.9,38.6,498.0,192.0,zone_5
2024-01-01 21:50:00,sensor_005,18.9,39.0,471.0,193.0,zone_1
2024-01-01 21:52:00,sensor_006,18.5,39.7,445.0,152.0,zone_2
2024-01-01 21:54:00,sensor_007,18.5,38.0,480.0,190.0,zone_3
2024-01-01 21:56:00,sensor_008,18.6,37.7,487.0,164.0,zone_4
2024-01-01 21:58:00,sensor_009,18.5,39.6,433.0,180.0,zone_5
2024-01-01 22:00:00,sensor_000,19.4,44.0,456.0,164.0,zone_1
2024-01-01 22:02:00,sensor_001,19.9,41.3,434.0,184.0,zone_2
2024-01-01 22:04:00,sensor_002,19.4,43.5,503.0,199.0,zone_3
2024-01-01 22:06:00,sensor_003,19.9,41.3,499.0,155.0,zone_4
2024-01-01 22:08:00,sensor_004,19.4,41.7,457.0,173.0,zone_5
2024-01-01 22:10:00,sensor_005,19.6,40.8,476.0,174.0,zone_1
2024-01-01 22:12:00,sensor_006,20.0,42.2,465.0,151.0,zone_2
2024-01-01 22:14:00,sensor_007,20.0,43.8,467.0,183.0,zone_3
2024-01-01 22:16:00,sensor_008,19.3,42.3,465.0,174.0,zone_4
2024-01-01 22:18:00,sensor_009,19.8,43.2,,172.0,zone_5
2024-01-01 22:20:00,sensor_000,26.7,41.1,469.0,152.0,zone_1
2024-01-01 22:22:00,sensor_001,19.4,43.0,505.0,171.0,zone_2
2024-01-01 22:24:00,sensor_002,19.9,43.0,448.0,147.0,zone_3
2024-01-01 22:26:00,sensor_003,19.5,43.6,454.0,179.0,zone_4
2024-01-01 22:28:00,sensor_004,20.0,41.9,475.0,183.0,zone_5
2024-01-01 22:30:00,sensor_005,19.5,41.4,462.0,181.0,zone_1
2024-01-01 22:32:00,sensor_006,19.9,43.2,484.0,196.0,zone_2
2024-01-01 22:34:00,sensor_007,19.6,41.6,460.0,164.0,zone_3
2024-01-01 22:36:00,sensor_008,20.2,40.2,468.0,150.0,zone_4
2024-01-01 22:38:00,sensor_009,19.3,41.1,479.0,162.0,zone_5
2024-01-01 22:40:00,sensor_000,19.8,42.3,477.0,201.0,zone_1
2024-01-01 22:42:00,sensor_001,19.8,42.0,485.0,194.0,zone_2
2024-01-01 22:44:00,sensor_002,19.2,42.6,490.0,158.0,zone_3
2024-01-01 22:46:00,sensor_003,19.4,40.2,444.0,161.0,zone_4
2024-01-01 22:48:00,sensor_004,19.6,42.6,489.0,172.0,zone_5
2024-01-01 22:50:00,sensor_005,19.5,43.5,470.0,151.0,zone_1
2024-01-01 22:52:00,sensor_006,19.8,41.0,515.0,165.0,zone_2
2024-01-01 22:54:00,sensor_007,19.3,40.5,454.0,179.0,zone_3
2024-01-01 22:56:00,sensor_008,20.1,43.5,493.0,201.0,zone_4
2024-01-01 22:58:00,sensor_009,20.0,43.2,516.0,177.0,zone_5
2024-01-01 23:00:00,sensor_000,20.2,44.3,455.0,182.0,zone_1
2024-01-01 23:02:00,sensor_001,20.4,45.1,517.0,184.0,zone_2
2024-01-01 23:04:00,sensor_002,20.4,44.2,457.0,198.0,zone_3
2024-01-01 23:06:00,sensor_003,20.6,45.2,469.0,191.0,zone_4
2024-01-01 23:08:00,sensor_004,21.1,45.8,485.0,188.0,zone_5
2024-01-01 23:10:00,sensor_005,20.4,44.8,,153.0,zone_1
2024-01-01 23:12:00,sensor_006,20.8,46.5,459.0,201.0,zone_2
2024-01-01 23:14:00,sensor_007,20.7,46.3,476.0,161.0,zone_3
2024-01-01 23:16:00,sensor_008,20.7,47.8,511.0,189.0,zone_4
2024-01-01 23:18:00,sensor_009,20.2,47.0,460.0,179.0,zone_5
2024-01-01 23:20:00,sensor_000,20.9,44.5,494.0,173.0,zone_1
2024-01-01 23:22:00,sensor_001,20.2,44.7,476.0,180.0,zone_2
2024-01-01 23:24:00,sensor_002,20.7,44.8,479.0,165.0,zone_3
2024-01-01 23:26:00,sensor_003,20.4,46.6,463.0,182.0,zone_4
2024-01-01 23:28:00,sensor_004,20.3,46.1,453.0,150.0,zone_5
2024-01-01 23:30:00,sensor_005,20.6,45.3,449.0,170.0,zone_1
2024-01-01 23:32:00,sensor_006,20.3,45.8,477.0,197.0,zone_2
2024-01-01 23:34:00,sensor_007,21.0,45.0,,187.0,zone_3
2024-01-01 23:36:00,sensor_008,20.2,47.1,468.0,187.0,zone_4
2024-01-01 23:38:00,sensor_009,20.5,46.1,489.0,161.0,zone_5
2024-01-01 23:40:00,sensor_000,21.0,47.7,438.0,157.0,zone_1
2024-01-01 23:42:00,sensor_001,21.0,45.2,489.0,158.0,zone_2
2024-01-01 23:44:00,sensor_002,20.6,45.0,492.0,187.0,zone_3
2024-01-01 23:46:00,sensor_003,20.5,46.3,461.0,197.0,zone_4
2024-01-01 23:48:00,sensor_004,20.4,45.1,445.0,153.0,zone_5
2024-01-01 23:50:00,sensor_005,20.6,47.3,476.0,165.0,zone_1
2024-01-01 23:52:00,sensor_006,20.4,43.9,507.0,173.0,zone_2
2024-01-01 23:54:00,sensor_007,20.3,44.5,481.0,176.0,zone_3
2024-01-01 23:56:00,sensor_008,20.2,45.4,504.0,169.0,zone_4
2024-01-01 23:58:00,sensor_009,20.8,47.4,455.0,152.0,zone_5
2024-01-02 00:00:00,sensor_000,21.3,51.1,445.0,184.0,zone_1
2024-01-02 00:02:00,sensor_001,21.7,51.6,494.0,161.0,zone_2
2024-01-02 00:04:00,sensor_002,21.9,48.4,476.0,201.0,zone_3
2024-01-02 00:06:00,sensor_003,21.7,50.3,474.0,175.0,zone_4
2024-01-02 00:08:00,sensor_004,21.6,49.2,467.0,186.0,zone_5
2024-01-02 00:10:00,sensor_005,22.1,49.1,448.0,180.0,zone_1
2024-01-02 00:12:00,sensor_006,21.7,47.7,493.0,193.0,zone_2
2024-01-02 00:14:00,sensor_007,21.6,49.4,463.0,148.0,zone_3
2024-01-02 00:16:00,sensor_008,21.6,49.2,448.0,185.0,zone_4
2024-01-02 00:18:00,sensor_009,22.1,50.9,469.0,183.0,zone_5
2024-01-02 00:20:00,sensor_000,21.6,51.1,474.0,186.0,zone_1
2024-01-02 00:22:00,sensor_001,21.5,50.2,469.0,171.0,zone_2
2024-01-02 00:24:00,sensor_002,21.4,48.1,443.0,181.0,zone_3
2024-01-02 00:26:00,sensor_003,21.4,49.7,480.0,157.0,zone_4
2024-01-02 00:28:00,sensor_004,21.7,50.9,483.0,206.0,zone_5
2024-01-02 00:30:00,sensor_005,22.0,48.0,496.0,146.0,zone_1
2024-01-02 00:32:00,sensor_006,22.0,48.2,502.0,185.0,zone_2
2024-01-02 00:34:00,sensor_007,21.9,47.8,486.0,177.0,zone_3
2024-01-02 00:36:00,sensor_008,21.7,50.4,468.0,195.0,zone_4
2024-01-02 00:38:00,sensor_009,22.1,49.8,471.0,154.0,zone_5
2024-01-02 00:40:00,sensor_000,22.1,48.6,444.0,197.0,zone_1
2024-01-02 00:42:00,sensor_001,21.5,48.2,477.0,148.0,zone_2
2024-01-02 00:44:00,sensor_002,21.7,50.1,446.0,180.0,zone_3
2024-01-02 00:46:00,sensor_003,21.8,51.4,477.0,157.0,zone_4
2024-01-02 00:48:00,sensor_004,21.9,,438.0,176.0,zone_5
2024-01-02 00:50:00,sensor_005,22.0,50.9,496.0,183.0,zone_1
2024-01-02 00:52:00,sensor_006,21.3,51.3,483.0,166.0,zone_2
2024-01-02 00:54:00,sensor_007,21.4,48.5,458.0,189.0,zone_3
2024-01-02 00:56:00,sensor_008,22.1,49.9,446.0,184.0,zone_4
2024-01-02 00:58:00,sensor_009,21.6,47.7,470.0,160.0,zone_5
2024-01-02 01:00:00,sensor_000,23.1,54.7,448.0,155.0,zone_1
2024-01-02 01:02:00,sensor_001,22.6,53.7,482.0,177.0,zone_2
2024-01-02 01:04:00,sensor_002,22.9,52.0,481.0,157.0,zone_3
2024-01-02 01:06:00,sensor_003,23.1,52.4,491.0,148.0,zone_4
2024-01-02 01:08:00,sensor_004,22.9,53.7,486.0,186.0,zone_5
2024-01-02 01:10:00,sensor_005,22.3,55.3,456.0,180.0,zone_1
2024-01-02 01:12:00,sensor_006,23.0,51.8,496.0,162.0,zone_2
2024-01-02 01:14:00,sensor_007,23.0,54.9,461.0,,zone_3
2024-01-02 01:16:00,sensor_008,23.2,55.4,437.0,169.0,zone_4
2024-01-02 01:18:00,sensor_009,22.8,52.6,481.0,153.0,zone_5
2024-01-02 01:20:00,sensor_000,22.3,54.1,481.0,169.0,zone_1
2024-01-02 01:22:00,sensor_001,22.4,52.3,479.0,190.0,zone_2
2024-01-02 01:24:00,sensor_002,22.7,53.0,450.0,209.0,zone_3
2024-01-02 01:26:00,sensor_003,23.0,53.3,475.0,170.0,zone_4
2024-01-02 01:28:00,sensor_004,23.0,55.3,468.0,169.0,zone_5
2024-01-02 01:30:00,sensor_005,23.0,55.5,476.0,170.0,zone_1
2024-01-02 01:32:00,sensor_006,22.5,52.5,513.0,155.0,zone_2
2024-01-02 01:34:00,sensor_007,22.5,53.8,493.0,193.0,zone_3
2024-01-02 01:36:00,sensor_008,22.6,52.1,452.0,153.0,zone_4
2024-01-02 01:38:00,sensor_009,22.3,53.2,478.0,195.0,zone_5
2024-01-02 01:40:00,sensor_000,22.4,54.9,493.0,191.0,zone_1
2024-01-02 01:42:00,sensor_001,22.5,54.5,498.0,171.0,zone_2
2024-01-02 01:44:00,sensor_002,22.6,54.9,449.0,195.0,zone_3
2024-01-02 01:46:00,sensor_003,22.9,54.0,473.0,166.0,zone_4
2024-01-02 01:48:00,sensor_004,22.3,53.7,455.0,165.0,zone_5
2024-01-02 01:50:00,sensor_005,23.0,53.2,458.0,154.0,zone_1
2024-01-02 01:52:00,sensor_006,22.5,53.2,460.0,152.0,zone_2
2024-01-02 01:54:00,sensor_007,22.6,51.9,478.0,157.0,zone_3
2024-01-02 01:56:00,sensor_008,22.8,53.5,462.0,150.0,zone_4
2024-01-02 01:58:00,sensor_009,22.5,51.9,491.0,183.0,zone_5
2024-01-02 02:00:00,sensor_000,23.9,56.9,490.0,150.0,zone_1
2024-01-02 02:02:00,sensor_001,23.5,59.2,484.0,161.0,zone_2
2024-01-02 02:04:00,sensor_002,23.3,58.5,460.0,154.0,zone_3
2024-01-02 02:06:00,sensor_003,23.3,55.4,505.0,201.0,zone_4
2024-01-02 02:08:00,sensor_004,23.2,58.0,477.0,190.0,zone_5
2024-01-02 02:10:00,sensor_005,23.7,56.0,452.0,155.0,zone_1
2024-01-02 02:12:00,sensor_006,23.3,58.0,454.0,188.0,zone_2
2024-01-02 02:14:00,sensor_007,23.4,56.3,494.0,154.0,zone_3
2024-01-02 02:16:00,sensor_008,23.2,56.8,443.0,189.0,zone_4
2024-01-02 02:18:00,sensor_009,23.2,58.7,488.0,187.0,zone_5
2024-01-02 02:20:00,sensor_000,23.3,56.5,483.0,199.0,zone_1
2024-01-02 02:22:00,sensor_001,23.7,58.9,440.0,169.0,zone_2
2024-01-02 02:24:00,sensor_002,23.6,55.8,470.0,163.0,zone_3
2024-01-02 02:26:00,sensor_003,24.2,57.2,493.0,164.0,zone_4
2024-01-02 02:28:00,sensor_004,,55.3,496.0,190.0,zone_5
2024-01-02 02:30:00,sensor_005,23.9,55.6,452.0,204.0,zone_1
2024-01-02 02:32:00,sensor_006,23.4,56.2,466.0,190.0,zone_2
2024-01-02 02:34:00,sensor_007,23.8,56.0,481.0,167.0,zone_3
2024-01-02 02:36:00,sensor_008,23.5,58.0,490.0,185.0,zone_4
2024-01-02 02:38:00,sensor_009,23.4,58.9,516.0,195.0,zone_5
2024-01-02 02:40:00,sensor_000,23.3,56.5,493.0,201.0,zone_1
2024-01-02 02:42:00,sensor_001,23.6,56.9,485.0,202.0,zone_2
2024-01-02 02:44:00,sensor_002,23.5,58.3,478.0,190.0,zone_3
2024-01-02 02:46:00,sensor_003,23.5,,477.0,175.0,zone_4
2024-01-02 02:48:00,sensor_004,23.9,57.1,484.0,,zone_5
2024-01-02 02:50:00,sensor_005,24.1,57.2,471.0,162.0,zone_1
2024-01-02 02:52:00,sensor_006,23.2,56.3,448.0,193.0,zone_2
2024-01-02 02:54:00,sensor_007,23.3,58.9,518.0,195.0,zone_3
2024-01-02 02:56:00,sensor_008,23.7,56.2,470.0,157.0,zone_4
2024-01-02 02:58:00,sensor_009,23.5,57.7,496.0,170.0,zone_5
2024-01-02 03:00:00,sensor_000,24.8,60.4,474.0,200.0,zone_1
2024-01-02 03:02:00,sensor_001,24.6,59.9,461.0,200.0,zone_2
2024-01-02 03:04:00,sensor_002,24.1,59.5,471.0,177.0,zone_3
2024-01-02 03:06:00,sensor_003,24.5,60.8,473.0,173.0,zone_4
2024-01-02 03:08:00,sensor_004,24.5,61.2,441.0,197.0,zone_5
2024-01-02 03:10:00,sensor_005,24.2,60.0,494.0,178.0,zone_1
2024-01-02 03:12:00,sensor_006,24.2,60.1,469.0,189.0,zone_2
2024-01-02 03:14:00,sensor_007,24.8,,479.0,188.0,zone_3
2024-01-02 03:16:00,sensor_008,24.4,,468.0,185.0,zone_4
2024-01-02 03:18:00,sensor_009,24.8,62.0,471.0,172.0,zone_5
2024-01-02 03:20:00,sensor_000,24.2,61.2,454.0,189.0,zone_1
2024-01-02 03:22:00,sensor_001,,58.8,473.0,166.0,zone_2
2024-01-02 03:24:00,sensor_002,24.5,,482.0,152.0,zone_3
2024-01-02 03:26:00,sensor_003,24.6,60.2,490.0,153.0,zone_4
2024-01-02 03:28:00,sensor_004,24.6,60.8,482.0,168.0,zone_5
2024-01-02 03:30:00,sensor_005,24.7,58.5,466.0,160.0,zone_1
2024-01-02 03:32:00,sensor_006,25.0,58.5,488.0,158.0,zone_2
2024-01-02 03:34:00,sensor_007,24.7,60.7,495.0,174.0,zone_3
2024-01-02 03:36:00,sensor_008,25.0,58.7,464.0,176.0,zone_4
2024-01-02 03:38:00,sensor_009,24.5,60.5,460.0,146.0,zone_5
2024-01-02 03:40:00,sensor_000,24.6,60.4,,165.0,zone_1
2024-01-02 03:42:00,sensor_001,24.7,62.3,454.0,190.0,zone_2
2024-01-02 03:44:00,sensor_002,24.3,60.7,489.0,199.0,zone_3
2024-01-02 03:46:00,sensor_003,24.2,60.6,500.0,170.0,zone_4
2024-01-02 03:48:00,sensor_004,24.6,61.1,493.0,149.0,zone_5
2024-01-02 03:50:00,sensor_005,24.2,61.7,463.0,191.0,zone_1
2024-01-02 03:52:00,sensor_006,24.6,60.9,451.0,160.0,zone_2
2024-01-02 03:54:00,sensor_007,24.3,60.3,457.0,179.0,zone_3
2024-01-02 03:56:00,sensor_008,24.8,60.8,465.0,160.0,zone_4
2024-01-02 03:58:00,sensor_009,24.7,62.0,478.0,169.0,zone_5
2024-01-02 04:00:00,sensor_000,,62.8,467.0,187.0,zone_1
2024-01-02 04:02:00,sensor_001,25.5,61.9,479.0,183.0,zone_2
2024-01-02 04:04:00,sensor_002,25.4,63.9,492.0,157.0,zone_3
2024-01-02 04:06:00,sensor_003,24.7,64.6,503.0,170.0,zone_4
2024-01-02 04:08:00,sensor_004,25.3,64.2,488.0,173.0,zone_5
2024-01-02 04:10:00,sensor_005,25.1,62.7,455.0,150.0,zone_1
2024-01-02 04:12:00,sensor_006,25.0,61.1,508.0,166.0,zone_2
2024-01-02 04:14:00,sensor_007,24.7,62.6,495.0,165.0,zone_3
2024-01-02 04:16:00,sensor_008,25.2,63.8,481.0,194.0,zone_4
2024-01-02 04:18:00,sensor_009,25.3,61.2,500.0,196.0,zone_5
2024-01-02 04:20:00,sensor_000,24.7,64.4,493.0,178.0,zone_1
2024-01-02 04:22:00,sensor_001,24.7,62.8,460.0,,zone_2
2024-01-02 04:24:00,sensor_002,25.6,62.0,466.0,161.0,zone_3
2024-01-02 04:26:00,sensor_003,24.8,61.3,456.0,162.0,zone_4
2024-01-02 04:28:00,sensor_004,24.9,62.1,473.0,168.0,zone_5
2024-01-02 04:30:00,sensor_005,24.9,61.0,489.0,160.0,zone_1
2024-01-02 04:32:00,sensor_006,25.1,63.4,456.0,147.0,zone_2
2024-01-02 04:34:00,sensor_007,25.3,63.1,484.0,162.0,zone_3
2024-01-02 04:36:00,sensor_008,25.5,63.5,487.0,166.0,zone_4
2024-01-02 04:38:00,sensor_009,25.1,61.2,511.0,196.0,zone_5
2024-01-02 04:40:00,sensor_000,25.4,63.5,472.0,167.0,zone_1
2024-01-02 04:42:00,sensor_001,25.3,64.3,456.0,197.0,zone_2
2024-01-02 04:44:00,sensor_002,25.6,62.5,464.0,188.0,zone_3
2024-01-02 04:46:00,sensor_003,24.8,63.8,471.0,165.0,zone_4
2024-01-02 04:48:00,sensor_004,25.5,62.0,461.0,196.0,zone_5
2024-01-02 04:50:00,sensor_005,25.1,63.2,478.0,179.0,zone_1
2024-01-02 04:52:00,sensor_006,25.5,63.1,480.0,165.0,zone_2
2024-01-02 04:54:00,sensor_007,24.9,63.3,472.0,185.0,zone_3
2024-01-02 04:56:00,sensor_008,25.3,62.5,480.0,180.0,zone_4
2024-01-02 04:58:00,sensor_009,24.7,61.1,471.0,203.0,zone_5
2024-01-02 05:00:00,sensor_000,25.7,62.6,481.0,182.0,zone_1
2024-01-02 05:02:00,sensor_001,25.1,62.8,481.0,182.0,zone_2
2024-01-02 05:04:00,sensor_002,25.3,64.9,462.0,180.0,zone_3
2024-01-02 05:06:00,sensor_003,26.0,63.9,514.0,162.0,zone_4
2024-01-02 05:08:00,sensor_004,26.1,63.8,439.0,146.0,zone_5
2024-01-02 05:10:00,sensor_005,25.1,65.0,481.0,,zone_1
2024-01-02 05:12:00,sensor_006,25.3,65.0,488.0,189.0,zone_2
2024-01-02 05:14:00,sensor_007,25.6,64.8,468.0,162.0,zone_3
2024-01-02 05:16:00,sensor_008,25.9,62.8,489.0,199.0,zone_4
2024-01-02 05:18:00,sensor_009,25.1,65.1,456.0,152.0,zone_5
2024-01-02 05:20:00,sensor_000,25.7,63.9,497.0,,zone_1
2024-01-02 05:22:00,sensor_001,25.3,64.2,482.0,,zone_2
2024-01-02 05:24:00,sensor_002,,64.5,481.0,154.0,zone_3
2024-01-02 05:26:00,sensor_003,25.6,63.7,494.0,171.0,zone_4
2024-01-02 05:28:00,sensor_004,25.6,65.0,470.0,160.0,zone_5
2024-01-02 05:30:00,sensor_005,25.9,64.1,482.0,206.0,zone_1
2024-01-02 05:32:00,sensor_006,25.8,66.0,437.0,176.0,zone_2
2024-01-02 05:34:00,sensor_007,25.1,63.6,501.0,165.0,zone_3
2024-01-02 05:36:00,sensor_008,25.8,63.9,494.0,179.0,zone_4
2024-01-02 05:38:00,sensor_009,26.0,65.2,473.0,153.0,zone_5
2024-01-02 05:40:00,sensor_000,25.2,62.4,472.0,179.0,zone_1
2024-01-02 05:42:00,sensor_001,25.2,64.2,495.0,159.0,zone_2
2024-01-02 05:44:00,sensor_002,25.9,62.3,441.0,157.0,zone_3
2024-01-02 05:46:00,sensor_003,25.5,65.4,470.0,161.0,zone_4
2024-01-02 05:48:00,sensor_004,25.9,63.6,457.0,182.0,zone_5
2024-01-02 05:50:00,sensor_005,25.6,66.2,507.0,152.0,zone_1
2024-01-02 05:52:00,sensor_006,25.3,65.1,465.0,184.0,zone_2
2024-01-02 05:54:00,sensor_007,25.2,63.8,479.0,160.0,zone_3
2024-01-02 05:56:00,sensor_008,,65.0,486.0,169.0,zone_4
2024-01-02 05:58:00,sensor_009,26.0,64.0,500.0,159.0,zone_5
2024-01-02 06:00:00,sensor_000,26.1,65.3,502.0,150.0,zone_1
2024-01-02 06:02:00,sensor_001,25.5,63.8,479.0,196.0,zone_2
2024-01-02 06:04:00,sensor_002,26.0,,473.0,182.0,zone_3
2024-01-02 06:06:00,sensor_003,25.4,64.9,473.0,191.0,zone_4
2024-01-02 06:08:00,sensor_004,25.3,64.5,439.0,150.0,zone_5
2024-01-02 06:10:00,sensor_005,25.3,66.5,465.0,157.0,zone_1
2024-01-02 06:12:00,sensor_006,25.9,63.2,511.0,174.0,zone_2
2024-01-02 06:14:00,sensor_007,25.8,,498.0,198.0,zone_3
2024-01-02 06:16:00,sensor_008,26.1,65.3,479.0,168.0,zone_4
2024-01-02 06:18:00,sensor_009,26.0,64.0,457.0,186.0,zone_5
2024-01-02 06:20:00,sensor_000,25.5,62.9,507.0,164.0,zone_1
2024-01-02 06:22:00,sensor_001,26.1,65.1,459.0,174.0,zone_2
2024-01-02 06:24:00,sensor_002,25.4,65.3,473.0,192.0,zone_3
2024-01-02 06:26:00,sensor_003,25.8,63.7,452.0,161.0,zone_4
2024-01-02 06:28:00,sensor_004,26.1,65.4,448.0,186.0,zone_5
2024-01-02 06:30:00,sensor_005,25.7,66.5,494.0,177.0,zone_1
2024-01-02 06:32:00,sensor_006,26.0,64.9,472.0,198.0,zone_2
2024-01-02 06:34:00,sensor_007,25.8,66.4,485.0,177.0,zone_3
2024-01-02 06:36:00,sensor_008,26.2,63.1,471.0,190.0,zone_4
2024-01-02 06:38:00,sensor_009,26.0,65.3,441.0,163.0,zone_5
2024-01-02 06:40:00,sensor_000,25.9,66.3,474.0,156.0,zone_1
2024-01-02 06:42:00,sensor_001,25.9,63.3,441.0,186.0,zone_2
2024-01-02 06:44:00,sensor_002,25.3,64.9,471.0,175.0,zone_3
2024-01-02 06:46:00,sensor_003,26.2,62.9,473.0,178.0,zone_4
2024-01-02 06:48:00,sensor_004,26.0,65.4,450.0,159.0,zone_5
2024-01-02 06:50:00,sensor_005,25.8,66.4,475.0,150.0,zone_1
2024-01-02 06:52:00,sensor_006,26.1,62.9,490.0,166.0,zone_2
2024-01-02 06:54:00,sensor_007,25.5,65.9,456.0,145.0,zone_3
2024-01-02 06:56:00,sensor_008,25.3,64.7,491.0,185.0,zone_4
2024-01-02 06:58:00,sensor_009,26.0,66.6,497.0,167.0,zone_5
2024-01-02 07:00:00,sensor_000,25.2,65.5,510.0,184.0,zone_1
2024-01-02 07:02:00,sensor_001,25.2,62.8,476.0,170.0,zone_2
2024-01-02 07:04:00,sensor_002,26.0,62.4,461.0,178.0,zone_3
2024-01-02 07:06:00,sensor_003,25.1,64.1,460.0,182.0,zone_4
2024-01-02 07:08:00,sensor_004,26.0,63.9,466.0,188.0,zone_5
2024-01-02 07:10:00,sensor_005,25.7,64.3,481.0,169.0,zone_1
2024-01-02 07:12:00,sensor_006,,64.2,498.0,154.0,zone_2
2024-01-02 07:14:00,sensor_007,25.1,63.1,473.0,167.0,zone_3
2024-01-02 07:16:00,sensor_008,25.8,64.4,443.0,173.0,zone_4
2024-01-02 07:18:00,sensor_009,25.3,65.4,490.0,173.0,zone_5
2024-01-02 07:20:00,sensor_000,25.7,62.4,479.0,154.0,zone_1
2024-01-02 07:22:00,sensor_001,25.9,,453.0,171.0,zone_2
2024-01-02 07:24:00,sensor_002,25.9,64.1,480.0,166.0,zone_3
2024-01-02 07:26:00,sensor_003,25.4,63.0,493.0,176.0,zone_4
2024-01-02 07:28:00,sensor_004,25.2,65.1,503.0,163.0,zone_5
2024-01-02 07:30:00,sensor_005,,,446.0,182.0,zone_1
2024-01-02 07:32:00,sensor_006,25.2,65.1,478.0,178.0,zone_2
2024-01-02 07:34:00,sensor_007,25.8,62.4,445.0,163.0,zone_3
2024-01-02 07:36:00,sensor_008,25.4,65.7,477.0,164.0,zone_4
2024-01-02 07:38:00,sensor_009,25.2,66.1,,172.0,zone_5
2024-01-02 07:40:00,sensor_000,26.1,,506.0,170.0,zone_1
2024-01-02 07:42:00,sensor_001,25.3,63.5,,194.0,zone_2
2024-01-02 07:44:00,sensor_002,25.6,62.2,498.0,148.0,zone_3
2024-01-02 07:46:00,sensor_003,25.1,64.3,472.0,194.0,zone_4
2024-01-02 07:48:00,sensor_004,25.3,64.4,471.0,177.0,zone_5
2024-01-02 07:50:00,sensor_005,25.4,64.8,481.0,156.0,zone_1
2024-01-02 07:52:00,sensor_006,25.9,65.2,446.0,184.0,zone_2
2024-01-02 07:54:00,sensor_007,25.5,65.4,483.0,192.0,zone_3
2024-01-02 07:56:00,sensor_008,25.1,65.8,474.0,183.0,zone_4
2024-01-02 07:58:00,sensor_009,26.0,64.4,483.0,169.0,zone_5
2024-01-02 08:00:00,sensor_000,25.4,60.9,675.0,617.0,zone_1
2024-01-02 08:02:00,sensor_001,25.0,63.2,733.0,376.0,zone_2
2024-01-02 08:04:00,sensor_002,25.4,61.5,725.0,364.0,zone_3
2024-01-02 08:06:00,sensor_003,25.6,63.0,679.0,487.0,zone_4
2024-01-02 08:08:00,sensor_004,25.0,61.8,731.0,413.0,zone_5
2024-01-02 08:10:00,sensor_005,25.2,62.8,641.0,457.0,zone_1
2024-01-02 08:12:00,sensor_006,25.0,63.2,729.0,518.0,zone_2
2024-01-02 08:14:00,sensor_007,24.7,64.3,729.0,623.0,zone_3
2024-01-02 08:16:00,sensor_008,25.6,61.1,730.0,440.0,zone_4
2024-01-02 08:18:00,sensor_009,25.2,63.2,691.0,621.0,zone_5
2024-01-02 08:20:00,sensor_000,25.0,62.5,709.0,385.0,zone_1
2024-01-02 08:22:00,sensor_001,24.9,64.5,662.0,609.0,zone_2
2024-01-02 08:24:00,sensor_002,25.0,63.1,692.0,550.0,zone_3
2024-01-02 08:26:00,sensor_003,24.8,63.9,681.0,436.0,zone_4
2024-01-02 08:28:00,sensor_004,25.4,60.9,692.0,640.0,zone_5
2024-01-02 08:30:00,sensor_005,25.4,61.8,685.0,634.0,zone_1
2024-01-02 08:32:00,sensor_006,24.8,61.6,700.0,546.0,zone_2
2024-01-02 08:34:00,sensor_007,24.9,62.9,644.0,424.0,zone_3
2024-01-02 08:36:00,sensor_008,25.2,61.3,676.0,470.0,zone_4
2024-01-02 08:38:00,sensor_009,24.8,62.5,683.0,489.0,zone_5
2024-01-02 08:40:00,sensor_000,25.0,63.5,722.0,638.0,zone_1
2024-01-02 08:42:00,sensor_001,25.2,61.3,747.0,652.0,zone_2
2024-01-02 08:44:00,sensor_002,25.4,64.3,679.0,557.0,zone_3
2024-01-02 08:46:00,sensor_003,25.5,62.5,664.0,,zone_4
2024-01-02 08:48:00,sensor_004,24.9,64.4,705.0,515.0,zone_5
2024-01-02 08:50:00,sensor_005,25.3,61.0,704.0,477.0,zone_1
2024-01-02 08:52:00,sensor_006,25.6,64.3,676.0,524.0,zone_2
2024-01-02 08:54:00,sensor_007,25.0,61.8,729.0,470.0,zone_3
2024-01-02 08:56:00,sensor_008,25.4,62.5,757.0,382.0,zone_4
2024-01-02 08:58:00,sensor_009,25.6,62.4,694.0,584.0,zone_5
2024-01-02 09:00:00,sensor_000,24.2,60.2,723.0,385.0,zone_1
2024-01-02 09:02:00,sensor_001,24.8,58.7,652.0,646.0,zone_2
2024-01-02 09:04:00,sensor_002,24.7,61.3,676.0,510.0,zone_3
2024-01-02 09:06:00,sensor_003,24.1,61.6,701.0,512.0,zone_4
2024-01-02 09:08:00,sensor_004,24.1,58.3,696.0,498.0,zone_5
2024-01-02 09:10:00,sensor_005,24.7,61.9,730.0,491.0,zone_1
2024-01-02 09:12:00,sensor_006,24.2,59.4,738.0,414.0,zone_2
2024-01-02 09:14:00,sensor_007,24.6,61.8,729.0,523.0,zone_3
2024-01-02 09:16:00,sensor_008,24.5,60.6,733.0,379.0,zone_4
2024-01-02 09:18:00,sensor_009,24.9,58.9,642.0,441.0,zone_5
